{
  "dev": {
    "adminCookie": "SESSION=ZjE2NGUwZTktZGU1MC00ODMzLThiMDMtYjAzMzVjYjRk; satoken=e3d94f3d-b820-4edd-a2c9-2daa8373f",
    "spaceCreatorCookie": "SESSION=YmIxYjFmYWEtZDE4Yi00ZGI2LWEyZjktYTFhNjdlNzEz; satoken=0971f30b-e044-4bf2-9ac6-18f1e0b45",
    "editorCookie": "SESSION=MWM3ZWI2OTUtNGFjMS00ZmU4LTg1YmMtN2E2ZGIxNTU3; satoken=656de69a-016c-4a11-a609-bc5e89077",
    "viewerCookie": "SESSION=OTk1NDM4ZmQtYWQwZS00MzA2LWE3NzktYTUzMWQ3ZWEy; satoken=af9c10a1-71de-437e-8265-16322b5b7",
    "commonUserCookie": "SESSION=M2U1YjBjZjItOGQwNi00NWNiLWIxZmYtYjM3MWI3OTAx; satoken=4ec0ea2b-1098-4868-ba2d-9841a28a5",
    "needUploadFileUrl": "https://www.codefather.cn/logo.png",
    "openPictureId": "1872222859838652417",
    "privatePictureId": "1864609773912973314",
    "teamPictureId": "1864610068197924865",
    "privateSpaceId": "1865004605739229186",
    "teamSpaceId": "1865004605739229187",
    "addUserId": "1864620713844793348",
    "privateSpaceUserId": "1864620675064258561",
    "teamSpaceUserId": "1864620713844793346",
    "privateSpaceUserSpaceId": "1864621199704580098",
    "publicPicName": "test_public",
    "privatePicName": "test_private",
    "teamPicName": "test_team",
    "editedName": "edited_name",
    "searchColor": "#FF0000",
    "batchNameRulePrivate": "batch_edited_private",
    "batchNameRuleTeam": "batch_edited_team",
    "batchTagsPrivate": "private",
    "batchTagsTeam": "team",
    "pageSize": "10",
    "currentPage": "1",
    "spaceUserRole": "viewer",
    "spaceUserEditorRole": "editor",
    "spaceUserViewerRole": "viewer",
    "description": {
      "adminCookie": "系统管理员 cookie",
      "spaceCreatorCookie": "空间创建者 cookie ，包括企业空间和私有空间",
      "editorCookie": "空间协作者 cookie",
      "viewerCookie": "空间只读者 cookie",
      "commonUserCookie": "普通用户 cookie",
      "needUploadFileUrl": "测试上传的图片URL",
      "openPictureId": "公开图库的图片ID",
      "privatePictureId": "私有空间的图片ID",
      "teamPictureId": "企业空间的图片ID",
      "privateSpaceId": "私有空间ID",
      "teamSpaceId": "企业空间ID",
      "addUserId": "待添加的用户ID",
      "privateSpaceUserId": "私有空间用户ID",
      "teamSpaceUserId": "企业空间用户ID",
      "privateSpaceUserSpaceId": "私有空间用户关联的空间ID",
      "publicPicName": "上传到公开图库的图片名称",
      "privatePicName": "上传到私有空间的图片名称",
      "teamPicName": "上传到企业空间的图片名称",
      "editedName": "编辑后的图片名称",
      "searchColor": "颜色搜索的颜色值",
      "batchNameRulePrivate": "批量编辑私有空间图片的名称规则",
      "batchNameRuleTeam": "批量编辑企业空间图片的名称规则",
      "batchTagsPrivate": "批量编辑私有空间图片的标签",
      "batchTagsTeam": "批量编辑企业空间图片的标签",
      "pageSize": "分页查询的每页大小",
      "currentPage": "分页查询的当前页码",
      "spaceUserRole": "空间用户的默认角色",
      "spaceUserEditorRole": "空间用户的协作者角色",
      "spaceUserViewerRole": "空间用户的只读者角色"
    }
  }
}